Time,PM 1.0,PM2.5,PM10,Temperature,Gas,Humidity,Pressure,Altitude
1677280837.121284,0,0,0,21.8094921875,238883,28.78144370585901,996.2951984993957,142.12635698126473
1677280838.3146458,0,0,0,21.82921875,12062,28.77222638060598,996.296138963052,142.11841926253618
1677280839.5078068,0,0,0,21.869453125,20510,28.716089827116853,996.3026998842226,142.06304382325703
1677280840.7010527,0,0,0,21.9079296875,29509,28.643653020411108,996.3029964247615,142.06054097092658
1677280841.8946218,0,0,0,21.943671875,36672,28.576417591334454,996.3023093337252,142.06634013646868
1677280843.0861092,0,0,0,21.9753125,42891,28.503495090331935,996.2950106970342,142.1279420749509
1677280844.2781422,0,0,0,22.0024609375,50286,28.424864159323512,996.2941812461368,142.1349428278425
1677280845.4696503,0,0,0,22.0262890625,55181,28.35677182094444,996.2931422946805,142.14371181942164
1677280846.6617184,0,0,0,22.04796875,59407,28.283159630871086,996.2954958359784,142.12384739489016
1677280847.85616,0,0,0,22.0673046875,63184,28.220150072243,996.2957869025178,142.1213907296525
1677280849.0491776,0,0,0,22.0833203125,66510,28.156904674455703,996.3027262788133,142.06282104842242
1677280850.2416346,0,0,0,22.0973828125,69380,28.098903983336776,996.3065196501095,142.03080439891949
1677280851.4335217,0,0,0,22.1096875,71919,28.073010694409653,996.305767755578,142.0371504990078
1677280852.625757,0,0,0,22.120234375,74150,28.030873870314792,996.3021845578246,142.06739326670015
1677280853.817851,0,0,0,22.1286328125,76063,27.98321270084152,996.3037109349756,142.05451038628283
1677280855.0100656,0,0,0,22.1372265625,77872,27.940948208296707,996.3038375741407,142.05344153110073
1677280856.2018983,0,0,0,22.1450390625,79553,27.91472944038653,996.3078478637316,142.01959409067746
1677280857.3940134,0,0,0,22.1524609375,81085,27.8884845818762,996.3095149619711,142.00552356611718
1677280858.5859203,0,0,0,22.160078125,82215,27.856896154714104,996.309782321518,142.00326701877188
1677280859.777932,0,0,0,22.1665234375,83457,27.825223050341222,996.3064484016859,142.03140574589244
1677280860.9700203,0,0,0,22.17375,84574,27.815061957388604,996.3043722034071,142.04892917422973
1677280862.162455,0,0,0,22.18078125,85473,27.78880345846938,996.3002671516599,142.08357652054642
1677280863.3542025,0,0,0,22.1876171875,86476,27.757174726432837,996.2975614157093,142.10641346286627
1677280864.546483,0,0,0,22.19484375,87158,27.752376731200503,996.297198506564,142.10947649108238
1677280865.7389684,0,0,0,22.2001171875,88201,27.736709253935807,996.2988329825596,142.09568118290156
1677280866.9309363,0,0,0,22.2051953125,88554,27.71567011191338,996.2950104252815,142.1279443686073
1677280868.1227865,0,0,0,22.2110546875,89450,27.70540919665981,996.2958739304495,142.12065619499174
1677280869.314905,0,0,0,22.216328125,90180,27.68974630078919,996.2992222423795,142.0923957539431
1677280870.5068197,0,0,0,22.2219921875,90735,27.658046825005815,996.2963426463834,142.11670013151854
1677280871.6987906,0,0,0,22.2282421875,91203,27.64781966869802,996.2995489065272,142.0896386454966
1677280872.8905487,0,0,0,22.23390625,91866,27.63219270065871,996.3000974205534,142.08500908291498
1677280874.0826638,0,0,0,22.2399609375,91961,27.62730657158818,996.3064174704919,142.0316668096456
1677280875.2747405,0,0,0,22.24640625,92442,27.601033922836145,996.3047951043964,142.04535982334568
1677280876.4669101,0,0,0,22.2524609375,95145,27.596148509010185,996.2991150435436,142.0933005329649
1677280877.6591551,0,0,0,22.258125,92928,27.580526378347834,996.3013772630821,142.0742069768554
1677280878.8512247,0,0,0,22.2659375,95350,27.565071774685308,996.3036697997427,142.05485757437123
1677280880.043337,0,0,0,22.271796875,95763,27.565524582230314,996.3045318979248,142.0475813272305
1677280881.2347264,0,0,0,22.2784375,96128,27.555332807511686,996.304937329995,142.04415941719452
1677280882.4265342,0,0,0,22.284296875,96337,27.534377793728503,996.3023704107487,142.06582463584317
1677280883.618471,0,0,0,22.290546875,96812,27.52950892483127,996.3072897015564,142.024305055818
1677280884.8113816,0,0,0,22.297578125,97131,27.50329714007681,996.3014659335313,142.07345858238986
1677280886.0035956,0,0,0,22.3034375,97077,27.487698724907105,996.2937551792535,142.13853893039152
1677280887.1951988,0,0,0,22.3091015625,97452,27.48813553207898,996.2925874056763,142.14839521452058
1677280888.3871422,0,0,0,22.3159375,97398,27.477963170902914,996.2898771958138,142.17127006034704
1677280889.5788312,0,0,0,22.3235546875,98100,27.46785156937541,996.2849955203818,142.21247274318324
1677280890.7706602,0,0,0,22.3309765625,98868,27.44702801204717,996.2866569844372,142.19844951139677
1677280891.9630148,0,0,0,22.336640625,98648,27.426071802604557,996.2923464087363,142.15042928663973
1677280893.1557298,0,0,0,22.3423046875,98979,27.426507898748838,996.2894632219426,142.17476410729594
1677280894.3474162,0,0,0,22.3489453125,99760,27.410976550080992,996.2898664835838,142.17136047433561
1677280895.539335,0,0,0,22.35421875,98979,27.41138242146377,996.2863540757542,142.2010061458964
1677280896.7312667,0,0,0,22.359296875,99592,27.390385503168126,996.2893853064752,142.17542173420384
1677280897.9233828,0,0,0,22.363984375,100440,27.36936145569849,996.29178763691,142.1551454567316
1677280899.115142,0,0,0,22.3680859375,100783,27.364331086894943,996.2863883299123,142.20071703113652
1677280900.306792,0,0,0,22.3708203125,101129,27.343160540002152,996.2873609500897,142.19250784567194
1677280901.49858,0,0,0,22.37453125,101014,27.34879051288083,996.2881910097768,142.18550191562633
1677280902.6911805,0,0,0,22.3774609375,101071,27.338325924775496,996.284334162031,142.21805480207468
1677280903.8840337,0,0,0,22.3801953125,100383,27.327847046288674,996.2887359018569,142.1809028804968
1677280905.0761397,0,0,0,22.3821484375,101536,27.333341388705186,996.2987384812305,142.09647879274172
1677280906.2681608,0,0,0,22.3848828125,101477,27.32820698400924,996.299711005537,142.08827049884806
1677280907.4600194,0,0,0,22.387421875,101361,27.32305773225852,996.2952251945218,142.12613166848428
1677280908.6518927,0,0,0,22.389375,101477,27.323207690762374,996.2915107374788,142.15748255606198
1677280909.8437986,0,0,0,22.3926953125,101828,27.328806920084997,996.2934263756503,142.14131410932873
1677280911.0355628,0,0,0,22.3962109375,101945,27.318388444768786,996.2870831111217,142.19485288336162
1677280912.2273798,0,0,0,22.399921875,102063,27.31332938757432,996.2793394599762,142.26021165253348
1677280913.419302,0,0,0,22.4055859375,102122,27.29773336503212,996.2884570650392,142.18325633768316
1677280914.6111217,0,0,0,22.4096875,101769,27.282019009985223,996.2882007150214,142.1854200007466
1677280915.802733,0,0,0,22.413984375,101828,27.287691428849918,996.296832199804,142.11256819677806
1677280916.9947004,0,0,0,22.4190625,101828,27.272052828311597,996.2947183065427,142.1304099161953
1677280918.186305,0,0,0,22.4253125,102181,27.283217455553093,996.2893464379624,142.17574979462307
1677280919.3779416,0,0,0,22.431171875,102063,27.283666923953643,996.2919192565045,142.1540345551572
1677280920.5694883,0,0,0,22.4378125,102004,27.284176355307526,996.2871757043406,142.19407137094015
1677280921.7622223,0,0,0,22.4446484375,102596,27.279357762518963,996.2878905962627,142.1880374870401
1677280922.9544828,0,0,0,22.4501171875,102596,27.26909168919707,996.2829750193649,142.2295263751229
1677280924.1466348,0,0,0,22.45578125,103074,27.258841184336273,996.2938069228812,142.13810220220208
1677280925.3386548,0,0,0,22.46203125,103074,27.24329439494409,996.2970078806496,142.11108541356785
1677280926.5310278,0,0,0,22.4669140625,102894,27.238326966655194,996.2945783793698,142.13159093308343
1677280927.7229953,0,0,0,22.4719921875,103315,27.21735143193858,996.294177969593,142.1349704826245
1677280928.9153936,0,0,0,22.477265625,103315,27.20173380856722,996.297521555363,142.10674989238487
1677280930.1070044,0,0,0,22.4829296875,103194,27.175468811436637,996.2877747452582,142.18901530105208
1677280931.2983356,0,0,0,22.488203125,103617,27.159855371174032,996.2842584871901,142.21869352016796
1677280932.489925,0,0,0,22.4938671875,104105,27.149611465465192,996.2899453464644,142.17069485127385
1677280933.6814096,0,0,0,22.4989453125,103255,27.133985578680747,996.289544281557,142.17407994301524
1677280934.8741312,0,0,0,22.5036328125,102775,27.12366862338218,996.2833695525068,142.22619639539172
1677280936.0665967,0,0,0,22.5087109375,103375,27.118719192181356,996.2795383077475,142.25853331176341
1677280937.258617,0,0,0,22.5141796875,103617,27.103126046212257,996.2763356018982,142.285565238396
1677280938.4511352,0,0,0,22.5212109375,103861,27.09832618472415,996.28250747456,142.23347259688444
1677280939.6426134,0,0,0,22.528046875,103375,27.082839188040325,996.2849349029633,142.2129843718926
1677280940.83584,0,0,0,22.5356640625,103617,27.083420346676547,996.2903346069293,142.16740939314496
1677280942.0279157,0,0,0,22.5419140625,104167,27.06788983714697,996.2815284463566,142.24173590048758
1677280943.2199628,0,0,0,22.5481640625,103983,27.068366512408048,996.2847273393489,142.21473626957575
1677280944.4118893,0,0,0,22.5559765625,103861,27.04762146294877,996.2955861101585,142.12308546100735
1677280945.6037927,0,0,0,22.5618359375,103678,27.042733333409355,996.2964410392951,142.11586967433766
1677280946.7952285,0,0,0,22.5688671875,103134,27.04860412803262,996.2906063293121,142.16511598718228
1677280947.986776,0,0,0,22.577265625,103074,27.059915010153865,996.2955472916143,142.12341309802957
1677280949.179477,0,0,0,22.5841015625,103436,27.05510090825191,996.2962582287489,142.1174126344303
1677280950.3726287,0,0,0,22.591328125,103315,27.05565203635034,996.2993128129608,142.09163132068514
1677280951.5650718,0,0,0,22.59875,103014,27.066889666051914,996.302681567695,142.06319841786976
1677280952.756817,0,0,0,22.605390625,103315,27.062060382773268,996.2962167947775,142.1177623460393
1677280953.9486904,0,0,0,22.6126171875,102596,27.051940235130765,996.2992708012598,142.09198590757578
1677280955.140737,0,0,0,22.6208203125,102834,27.04723039458158,996.2970352721021,142.11085422398097
1677280956.3326855,0,0,0,22.6282421875,102240,27.037125830193546,996.29525738507,142.12585997312922
1677280957.5244143,0,0,0,22.635859375,103134,27.027036667377143,996.2972241069817,142.10926041823245
1677280958.7166429,0,0,0,22.6442578125,103255,27.01167320023551,996.2987325666026,142.09652871336954
1677280959.909408,0,0,0,22.6520703125,102894,27.006934261737353,996.2924364973594,142.14966891695067
1677280961.1013618,0,0,0,22.6598828125,103194,26.97019510468703,996.2947167658168,142.13042292026842
1677280962.2931247,0,0,0,22.6676953125,103014,26.954792124558832,996.2918507042076,142.1546131532964
1677280963.4852364,0,0,0,22.674921875,103557,26.939345948397232,996.2880414080904,142.18676459429503
1677280964.6766424,0,0,0,22.683125,103800,26.91864437069316,996.2909495112227,142.1622194453662
1677280965.8686056,0,0,0,22.690546875,104167,26.887226159359905,996.2908847810561,142.1627657842243
1677280967.0605888,0,0,0,22.6971875,104660,26.86641275996207,996.2929935416571,142.14496733009233
1677280968.252695,0,0,0,22.705,104351,26.84569097824201,996.3021343059745,142.067817401058
1677280969.4447854,0,0,0,22.7110546875,104846,26.830166181553015,996.306730909894,142.0290213360606
1677280970.636713,0,0,0,22.7173046875,104722,26.8040038553301,996.3030642109353,142.05996884423362
1677280971.8297653,0,0,0,22.72296875,104598,26.804432872793576,996.2967388993221,142.11335567251814
1677280973.0222769,0,0,0,22.7284375,104167,26.79419388288443,996.2935301223179,142.14043846322824
1677280974.2170312,0,0,0,22.73546875,103861,26.78939995183899,996.2962664825795,142.11734297033055
1677280975.4121268,0,0,0,22.74171875,103496,26.80052635658917,996.2960300094155,142.11933885472456
1677280976.6072094,0,0,0,22.747578125,104105,26.838263455784052,996.2985959777318,142.09768155047675
1677280977.8005345,0,0,0,22.7520703125,103983,26.870578424515656,996.2989619272718,142.0945928642138
1677280978.9941566,0,0,0,22.756953125,104722,26.88160906196193,996.3016719444365,142.07171981368063
1677280980.1911948,0,0,0,22.76046875,105033,26.865886406625414,996.2936039139271,142.13981564486207
1677280981.387587,0,0,0,22.76359375,105033,26.855464844494854,996.291769713183,142.15529673738223
1677280982.5792043,0,0,0,22.767890625,105095,26.861120310876622,996.28667413435,142.1983047613256
1677280983.7739046,0,0,0,22.771015625,104846,26.834712693795588,996.2899867102849,142.17034572997855
1677280984.9700065,0,0,0,22.774921875,105220,26.81369673010472,996.2945563286847,142.13177704585038
1677280986.1636465,0,0,0,22.7782421875,106040,26.8032934769565,996.2930361544733,142.1446076678366
1677280987.3571568,0,0,0,22.781171875,105723,26.787534555178,996.302897096929,142.06137931457317
1677280988.5527737,0,0,0,22.7837109375,105534,26.761096067858894,996.2984041332733,142.09930075589205
1677280989.7483265,0,0,0,22.7876171875,105283,26.76139169628122,996.294395231276,142.13313674449125
1677280990.941814,0,0,0,22.7911328125,105597,26.74035656910984,996.2914734002761,142.15779769128196
1677280992.1364443,0,0,0,22.793671875,105850,26.7352238081116,996.2835488057582,142.2246834437763
1677280993.3297544,0,0,0,22.7973828125,105408,26.71420716605914,996.2878039012186,142.18876921680152
1677280994.5274518,0,0,0,22.799921875,104846,26.698428227629837,996.2987520732509,142.09636407340827
1677280995.7191608,0,0,0,22.80265625,105158,26.687988551440274,996.2945730077703,142.13163627059657
1677280996.9112444,0,0,0,22.80578125,104474,26.66693446618892,996.294453848373,142.1326420028891
1677280998.1045256,0,0,0,22.8091015625,104970,26.651219586657458,996.3015118762034,142.07307081803603
1677280999.3030026,0,0,0,22.8122265625,105345,26.63017084676209,996.2928138932019,142.14648360570993
1677281000.495829,0,0,0,22.8153515625,104970,26.630406417709843,996.2909788305417,142.16197198296396
1677281001.687955,0,0,0,22.8180859375,105283,26.6093311791667,996.2902309852993,142.16828398617164
1677281002.8801508,0,0,0,22.8212109375,105033,26.604246752250404,996.2815327073763,142.2416999361381
1677281004.0727596,0,0,0,22.824921875,105345,26.593887119211068,996.2806401627157,142.24923329734932
1677281005.2642312,0,0,0,22.828046875,105597,26.588803137758227,996.2839522146568,142.22127855155588
1677281006.4595623,0,0,0,22.831953125,106104,26.583778109589854,996.2816579963782,142.24064245749412
1677281007.6566162,0,0,0,22.8352734375,105158,26.578709100931455,996.2767051633916,142.28244601010806
1677281008.8520632,0,0,0,22.838984375,105471,26.57366962696629,996.2706648740844,142.33342828238227
1677281010.0453727,0,0,0,22.8440625,104970,26.579370697332845,996.2685398925765,142.35136397052068
1677281011.240203,0,0,0,22.84875,105220,26.60632141878115,996.2675021593058,142.36012286285464
1677281012.4341214,0,0,0,22.8528515625,104970,26.60131041731926,996.2672374981902,142.3623567118718
1677281013.6283708,0,0,0,22.8579296875,105660,26.607013108291152,996.2702597519249,142.33684767196874
1677281014.8234785,0,0,0,22.8606640625,106104,26.617860085312945,996.2712271381715,142.32868255529786
1677281016.0174816,0,0,0,22.8637890625,106615,26.612775045747455,996.2659593941419,142.37314444414227
1677281017.2126663,0,0,0,22.866328125,105723,26.66618239952465,996.2717601639357,142.3241836130023
1677281018.4066231,0,0,0,22.870625,104598,26.762350044917113,996.2718094252085,142.323767829022
1677281019.602015,0,0,0,22.8755078125,103255,27.018640826448333,996.2745171809031,142.30091336136925
1677281020.7998278,0,0,0,22.8801953125,102596,27.468041654236103,996.2820584494548,142.23726250810108
1677281021.996986,0,0,0,22.88390625,104290,27.89738442839141,996.286312688145,142.20135546901253
1677281023.1911995,0,0,0,22.88859375,104660,28.128933120592784,996.2852741963038,142.21012063738476
1677281024.3858752,0,0,0,22.893671875,105158,28.210072142452674,996.2848640239047,142.21358261186737
1677281025.5775738,0,0,0,22.899140625,105597,28.20512127796532,996.2867981407339,142.19725811275765
1677281026.7766497,0,0,0,22.9048046875,105095,28.157122158916753,996.2856143770468,142.20724941373348
1677281027.9734476,0,0,0,22.91203125,106104,28.06622665243433,996.283512093238,142.22499330852347
1677281029.169218,0,0,0,22.918671875,105977,27.97534325978589,996.2907631195926,142.16379263759904
1677281030.362188,0,0,0,22.9258984375,106680,27.85233863781698,996.2920925121784,142.15257223506296
1677281031.557113,0,0,0,22.9333203125,105977,27.745554801073002,996.2937359077191,142.1387015866107
1677281032.7505553,0,0,0,22.9430859375,106873,27.64439675058367,996.2957173159505,142.12197805544574
1677281033.946739,0,0,0,22.9528515625,106487,27.564745694608597,996.2942661152751,142.13422651293527
1677281035.1392808,0,0,0,22.9606640625,106295,27.49569992432304,996.287956387331,142.1874821925537
1677281036.3345003,0,0,0,22.9680859375,106167,27.453429251845307,996.2930310151584,142.14465104487215
1677281037.5326834,0,0,0,22.9747265625,105977,27.443234008888744,996.2934163980661,142.1413983224715
1677281038.7243571,0,0,0,22.981953125,105408,27.48663793803274,996.2913117488731,142.1591620691813
1677281039.9195116,0,0,0,22.9891796875,105408,27.562209849228775,996.2874906033966,142.1914135361045
1677281041.1164777,0,0,0,22.99640625,104722,27.675368757229013,996.2716554764679,142.3250672153079
1677281042.315646,0,0,0,23.0028515625,105095,27.831519053415395,996.2734419139124,142.30998900966637
1677281043.510712,0,0,0,23.0091015625,105220,27.93408316389334,996.2611838659449,142.4134519969082
1677281044.7051394,0,0,0,23.01515625,105597,27.982937628326773,996.2468949705201,142.53405747646596
1677281045.901158,0,0,0,23.0200390625,105850,28.026340080368563,996.2410185363764,142.5836579490539
1677281047.0981355,0,0,0,23.0251171875,106359,28.032118797748797,996.2423213080436,142.57266178898897
1677281048.2978926,0,0,0,23.029609375,105913,28.00558366237782,996.2529794775751,142.48270099886292
1677281049.491606,0,0,0,23.035078125,105850,27.95225097320439,996.2566267929964,142.45191583742294
1677281050.690018,0,0,0,23.03859375,107067,27.88803862467645,996.2468344257525,142.53456850780398
1677281051.8832133,0,0,0,23.0423046875,107392,27.839982953389672,996.2528032633115,142.48418833745444
1677281053.0788157,0,0,0,23.04484375,108114,27.74890605122388,996.2500217512231,142.5076657515978
1677281054.2752266,0,0,0,23.0477734375,108180,27.647192626703607,996.244435737249,142.55481478610088
1677281055.4700603,0,0,0,23.0489453125,108313,27.529340575429384,996.2463206071465,142.53890542212497
1677281056.665292,0,0,0,23.0493359375,109182,27.4168842299107,996.2452325212207,142.54808947745477
1677281057.8592718,0,0,0,23.049921875,108646,27.304536286212702,996.2410258225523,142.58359644940768
1677281059.0536904,0,0,0,23.049921875,108646,27.181546185908495,996.2427421999554,142.56910921587837
1677281060.2519898,0,0,0,23.05109375,108313,27.101485544281367,996.242910681244,142.56768713592268
1677281061.4516938,0,0,0,23.049921875,108646,27.021292949083858,996.2324439368963,142.65603290871928
1677281062.647034,0,0,0,23.051484375,108048,26.946692642045303,996.2263751560786,142.70725750313414
1677281063.8460975,0,0,0,23.0524609375,108512,26.898754834608226,996.2210803132219,142.7519497466817
1677281065.0426645,0,0,0,23.05421875,107719,26.83489878073329,996.2273403130907,142.6991109114999
1677281066.2375028,0,0,0,23.0563671875,108048,26.792418890561446,996.2273630360681,142.69891911395825
1677281067.4338832,0,0,0,23.057734375,108313,26.73391023080556,996.231278388696,142.6658709003434
1677281068.631237,0,0,0,23.057734375,108846,26.685973671114745,996.2244127996254,142.72382116632946
1677281069.830906,0,0,0,23.0579296875,108646,26.616777052342265,996.2247269345852,142.72116964542857
1677281071.0310106,0,0,0,23.05578125,108579,26.563399980951914,996.2281370191262,142.69238616724041
1677281072.2276714,0,0,0,23.05578125,108313,26.52616219507034,996.2350025883777,142.6344362439516
1677281073.422252,0,1,1,23.0548046875,108913,26.515451247280993,996.233431893842,142.64769391111318
1677281074.6177757,0,1,1,23.0540234375,109115,26.478168192022427,996.2321753386375,142.65830005344645
1677281075.8114233,0,1,1,23.0548046875,109115,26.45696053087086,996.2265663352254,142.70564381861345
1677281077.006081,0,1,1,23.05421875,107327,26.43565356272703,996.2256239251678,142.71359841517688
1677281078.1992493,0,1,1,23.0536328125,107851,26.451556460325797,996.2281142880681,142.6925780328727
1677281079.3946266,0,1,1,23.0555859375,107392,26.488920117491144,996.2312556656797,142.66606269760453
1677281080.590993,0,1,1,23.0563671875,107327,26.53684462606476,996.2307958235218,142.66994406979552
1677281081.7856164,0,1,1,23.057734375,108114,26.563547188243817,996.2261291967569,142.70933357066744
1677281082.9809062,0,1,1,23.0579296875,108980,26.54760150243295,996.233308923809,142.6487318576097
1677281084.1769724,1,1,1,23.0602734375,109317,26.537138794211522,996.2353621726616,142.63140112483234
1677281085.3718665,1,1,1,23.06046875,109317,26.51587749653181,996.2270942867201,142.701187543346
1677281086.5677192,1,1,1,23.062421875,109724,26.47879946421962,996.2233699970546,142.73262316131382
1677281087.7592874,0,1,1,23.063984375,108913,26.457650062055258,996.2258830606479,142.71141113082433
1677281088.952885,0,1,1,23.06515625,109452,26.436474571302124,996.2260514425384,142.70998987037228
1677281090.1483881,0,1,1,23.0659375,110065,26.40464424027725,996.2255915545087,142.71387164617045
1677281091.340845,1,1,1,23.065546875,110202,26.38335989049751,996.2266797078918,142.70468687484356
1677281092.5367768,1,1,1,23.0661328125,109929,26.35683971495171,996.2362042042705,142.6242938481802
1677281093.7297008,1,1,1,23.0645703125,109860,26.32485294047386,996.2388403688161,142.6020429919864
1677281094.9231868,1,1,1,23.0661328125,109047,26.31434820796154,996.2362042042705,142.6242938481802
1677281096.1168647,1,1,1,23.0675,108712,26.3197611505162,996.2332538825138,142.64919644171786
1677281097.310311,1,1,1,23.0676953125,109047,26.33039782581486,996.2335680165249,142.646544947876
1677281098.5039797,1,1,1,23.068671875,108913,26.38359408044738,996.2248401295558,142.72021420009963
1677281099.700751,1,1,1,23.0696484375,108180,26.404922533913116,996.2298436420162,142.67798111657788
1677281100.8960748,1,1,1,23.0708203125,108980,26.431584350750942,996.2282955714352,142.69104787774904
1677281102.0920315,1,1,1,23.07296875,109317,26.43706106380796,996.2351838916601,142.63290592929863
1677281103.2870393,1,1,1,23.07453125,109656,26.41591775844163,996.2308311850304,142.6696455952046
1677281104.4800627,1,1,1,23.0758984375,109792,26.40539126352681,996.2261643186841,142.7090371171786
1677281105.6725516,1,1,1,23.0770703125,109929,26.36297124816116,996.2160339551665,142.79454478059844
1677281106.864634,1,1,1,23.0786328125,110547,26.331216134694458,996.2254127646452,142.7153807577372
1677281108.0577207,1,1,1,23.0794140625,110409,26.29410000485433,996.2198034574718,142.76272734709633
1677281109.250151,0,1,1,23.079609375,110547,26.267567677312705,996.2235504921125,142.73109965418473
1677281110.4442823,0,1,1,23.0817578125,110616,26.251802405455408,996.2235729631695,142.73090998243785
1677281111.6369672,0,1,1,23.084296875,110755,26.22014604639714,996.2276565981705,142.69644124842
1677281112.829771,0,1,1,23.085859375,110824,26.220262539719982,996.2284531347756,142.6897179359972
1677281114.022406,0,1,1,23.0880078125,110271,26.209809038162476,996.2250426089681,142.7185051313855
1677281115.216044,0,1,1,23.090546875,110755,26.194079250950793,996.2274097353668,142.69852493980147
1677281116.4085877,0,1,1,23.0925,110893,26.188918806789196,996.2271179933637,142.70098744294506
1677281117.60101,0,1,1,23.0946484375,111452,26.178467524562066,996.2374393238565,142.61386867043836
1677281118.7925987,0,1,1,23.0966015625,111593,26.15739278313455,996.2388640750592,142.6018428968762
1677281119.991241,0,0,0,23.096796875,112088,26.14149440627485,996.2391781998183,142.59919149321317
1677281121.1833565,0,0,0,23.097578125,113091,26.115035184347498,996.2352851904212,142.63205090362868
1677281122.3855073,0,0,0,23.0966015625,111805,26.099054806516158,996.2285650744899,142.68877308877853
1677281123.5776286,0,0,0,23.0966015625,112230,26.088450659083016,996.2285650744899,142.68877308877853
1677281124.7721357,0,0,0,23.095625,112302,26.067172457654827,996.2321439588999,142.65856491895806
1677281125.9666998,0,0,0,23.0942578125,112302,26.035268946436876,996.2333780858446,142.6481480853482
1677281127.161566,0,0,0,23.093671875,112588,26.01402840741908,996.2358686989323,142.6271257237806
1677281128.3563595,0,0,0,23.0926953125,112444,25.99806051291353,996.2342980745968,142.64038278907253
1677281129.548258,0,0,0,23.0909375,112588,25.992632323274343,996.2383368931484,142.60629263375847
1677281130.7419555,0,0,0,23.0903515625,112803,25.960804999771433,996.2356780293258,142.62873509525554
1677281131.934412,0,0,0,23.0883984375,112731,25.96595738110366,996.2325367692948,142.65524934275734
1677281133.1273615,0,0,0,23.085859375,113381,25.94988006639027,996.2370354933234,142.61727725023573
1677281134.3197603,0,0,0,23.0833203125,113019,25.944396364781344,996.2432506199939,142.56481785597612
1677281135.512781,0,0,0,23.079609375,112947,25.928235397712015,996.2389985884329,142.6007075222577
1677281136.7133,0,0,0,23.076875,113019,25.922738348862147,996.2397500985912,142.5943643221249
1677281137.90723,0,0,0,23.0739453125,113164,25.933112472593294,996.2436203173281,142.56169739723921
1677281139.10251,0,0,0,23.071796875,113236,25.92765852496355,996.2418812712605,142.57637595727192
1677281140.2974586,0,0,0,23.0692578125,112947,25.911586568419928,996.2412303741631,142.58186991259421
1677281141.4923065,0,0,0,23.0645703125,112875,25.91653521317472,996.2405567847408,142.5875554075801
1677281142.6842825,0,0,0,23.06046875,113746,25.92152721710243,996.2459747410494,142.54182472503948
1677281143.8773146,0,0,0,23.05734375,113309,25.90541316294303,996.2460976857369,142.5407870031558
1677281145.0699563,0,0,0,23.0540234375,113091,25.91575684114657,996.2476228316873,142.52791392748875
1677281146.2620957,0,0,0,23.04953125,113019,25.910130977191585,996.2575613039895,142.44402811319569
1677281147.4545405,0,0,0,23.0458203125,113381,25.909857186842522,996.2481597562478,142.5233819909225
1677281148.6477106,0,0,0,23.0426953125,113673,25.92021539345695,996.2431334104132,142.56580717263773
1677281149.8401675,0,0,0,23.040546875,113164,25.90946813472881,996.2413941537594,142.58048751595007
1677281151.033489,0,0,0,23.0380078125,113236,25.914575033885605,996.242459286295,142.5714971719727
1677281152.2312844,0,0,0,23.0364453125,113164,25.925048768063768,996.2536768400998,142.47681490425168
1677281153.4257998,0,0,0,23.03546875,113309,25.930271505594728,996.250389740357,142.50455972815058
1677281154.6205616,0,0,0,23.03390625,113454,25.940746389745627,996.2461601944607,142.54025939462986
1677281155.8155172,0,0,0,23.03234375,113746,25.94063100645039,996.2419306586729,142.57595909850357
1677281157.0089417,0,0,0,23.031953125,113309,25.95119318815689,996.2413023587973,142.5812623196885
1677281158.2015538,0,0,0,23.0313671875,113454,25.9511499049902,996.2352109244193,142.6326777556895
1677281159.3941996,0,0,0,23.03234375,113236,25.94063100645039,996.233349004597,142.64839354985872
1677281160.5867193,0,0,0,23.0317578125,113236,25.961770631088935,996.2306902338473,142.6708353167431
1677281161.7796485,0,0,0,23.031953125,112731,25.956489019954777,996.2292880511703,142.6826706766342
1677281162.9716973,0,0,0,23.03234375,113164,25.961813929530862,996.2299163436014,142.67736746650323
1677281164.164901,0,0,0,23.031953125,113164,25.961785063873258,996.2292880511703,142.6826706766342
1677281165.3576212,0,0,0,23.03234375,113309,25.956517880579955,996.233349004597,142.64839354985872
1677281166.550456,0,0,0,23.031953125,114039,25.95119318815689,996.23615336927,142.62472292743598
1677281167.742798,0,0,0,23.0313671875,113673,25.956445729239373,996.2369272525758,142.6181908693656
1677281168.9349773,0,0,0,23.0317578125,113019,25.961770631088935,996.2409882088948,142.58391393099953
1677281170.1287417,0,1,1,23.03078125,113164,25.956402438790832,996.2308358269307,142.66960641448384
1677281171.3213527,0,1,1,23.0301953125,113164,25.95635914860914,996.2350423603208,142.6341005435167
1677281172.5142093,0,1,1,23.03078125,113454,25.966994708554342,996.2291195006417,142.68409335677146
1677281173.706689,0,1,1,23.0317578125,113091,25.961770631088935,996.2324065627952,142.65634837051326
1677281174.8987641,0,1,1,23.031953125,113309,25.972377788072027,996.2481676794366,142.52331511489513
1677281176.0922415,0,1,1,23.0313671875,113673,25.967038014099863,996.2489415522103,142.51678320950322
1677281177.2847998,0,1,1,23.0301953125,113527,25.961655169881976,996.2419076610914,142.5761532115979
1677281178.478027,0,1,1,23.029609375,113966,25.9722045362306,996.234099914512,142.642055387042
1677281179.6733236,0,1,1,23.0282421875,114260,25.97740010710465,996.2421987949118,142.57369587147346
1677281180.868566,0,1,1,23.025703125,113309,25.977212392422615,996.2449800802241,142.5502202221733
1677281182.0634823,0,1,1,23.02453125,114408,25.98242255336283,996.2448114707128,142.55164338201087
1677281183.2593467,0,1,1,23.0223828125,113673,25.98756067730631,996.2465046949291,142.5373516188205
1677281184.4523249,0,0,0,23.0208203125,114039,25.998039685456376,996.24055885324,142.58753794821172
1677281185.6463072,0,0,0,23.021015625,113527,25.9980541341903,996.2477382122934,142.52694005198245
1677281186.83941,0,0,0,23.0219921875,113673,26.01401985240919,996.2458763846982,142.54265490769248
1677281188.0321164,0,0,0,23.0223828125,113381,26.03524305400088,996.2396394756107,142.59529804672653
1677281189.2243507,0,0,0,23.0239453125,112875,26.040657910065885,996.252450555507,142.487165372521
1677281190.4168644,0,0,0,23.025703125,113091,26.0513870619626,996.2552779639842,142.46330061645125
1677281191.609701,0,0,0,23.02765625,113236,26.072732309344936,996.2635684902579,142.3933247021336
1677281192.8030334,0,0,0,23.0278515625,113091,26.083348321956837,996.2621663283965,142.40515957007446
1677281193.9954379,0,0,0,23.028828125,113019,26.078119890062997,996.2654534412924,142.3774149007144
1677281195.1884458,0,0,0,23.028828125,112659,26.094023173768914,996.2620207954492,142.4063879334657
1677281196.381253,0,0,0,23.0286328125,113236,26.099310194864138,996.259990315694,142.42352610901023
1677281197.5742393,0,0,0,23.030390625,113019,26.094139136446575,996.2559524220175,142.45760785798794
1677281198.7669005,0,0,0,23.03234375,114113,26.10488743276393,996.2608103056212,142.41660501649838
1677281199.9590127,0,0,0,23.035078125,113966,26.0944870359168,996.2566267929964,142.45191583742294
1677281201.1518729,0,0,0,23.036640625,112659,26.09990462564037,996.2574236783701,142.4451897395313
1677281202.3471386,0,0,0,23.03859375,113309,26.105351473047033,996.2502671215058,142.5055946961819
1677281203.5390837,0,0,0,23.042109375,113673,26.116216949412998,996.2421909712415,142.57376190782838
1677281204.7303588,0,0,0,23.0469921875,112875,26.148398430337053,996.2345973102009,142.63785704953207
1677281205.9238663,0,0,0,23.0501171875,112803,26.217598233665626,996.2447727215693,142.5519704467719
1677281207.120298,0,0,0,23.0532421875,112516,26.28152568130382,996.2583809647238,142.4371097855606
1677281208.3162448,0,0,0,23.0563671875,113600,26.340173016128897,996.2634073224257,142.3946850294276
1677281209.5116942,0,0,0,23.0594921875,112516,26.38290616936641,996.2598516670523,142.42469636783545
1677281210.702913,0,0,0,23.0633984375,113164,26.431027289835995,996.2678509913119,142.3571785775331
1677281211.9008799,0,0,0,23.06515625,112659,26.452421893731835,996.2758275663969,142.28985323728057
1677281213.0966775,0,0,0,23.0676953125,113309,26.468561926034894,996.2713293630247,142.3278197380953
1677281214.292038,0,0,0,23.0696484375,113892,26.49529528314541,996.2727543903098,142.31579196552417
1677281215.4896977,0,0,0,23.070625,113819,26.474098992279657,996.2674593835609,142.3604839077604
1677281216.6852179,0,0,0,23.0712109375,113381,26.45819293129874,996.2649689441843,142.38150426338453
1677281217.8799565,0,0,0,23.070625,114408,26.420939486432253,996.269175816968,142.34599651277247
1677281219.0746486,0,0,0,23.068671875,114705,26.38359408044738,996.2763329491047,142.28558762890148
1677281220.269672,0,0,0,23.067109375,115003,26.34628866150389,996.2772526236649,142.27782525560957
1677281221.4649584,0,0,0,23.065546875,115529,26.308993919675686,996.2781722830805,142.27006301594454
1677281222.6575458,0,0,0,23.06203125,115680,26.292801078317176,996.281099667088,142.2453549334141
1677281223.8504064,0,0,0,23.0594921875,115454,26.255448972433577,996.2838813262783,142.2218768706752
1677281225.0452394,0,0,0,23.056171875,115529,26.228663205176137,996.2768243378679,142.28144013603847
1677281226.2383697,0,0,0,23.054609375,115756,26.202014120900795,996.2828930829558,142.23021794347687
1677281227.4313493,0,0,0,23.0540234375,115984,26.17544322623341,996.2888161824064,142.18022529132145
